[{"touchdowns": 240, "safety": 1, "xp": 31, "fieldgoals": 82, "year": 2017}, {"touchdowns": 249, "safety": 1, "xp": 33, "fieldgoals": 81, "year": 2016}, {"touchdowns": 253, "safety": 1, "xp": 33, "fieldgoals": 79, "year": 2015}, {"touchdowns": 246, "safety": 1, "xp": 35, "fieldgoals": 78, "year": 2014}, {"touchdowns": 257, "safety": 1, "xp": 35, "fieldgoals": 81, "year": 2013}, {"touchdowns": 235, "safety": 0, "xp": 32, "fieldgoals": 75, "year": 2012}, {"touchdowns": 243, "safety": 1, "xp": 34, "fieldgoals": 79, "year": 2011}, {"touchdowns": 239, "safety": 0, "xp": 34, "fieldgoals": 75, "year": 2010}]