[{"touchdowns": 312, "safety": 2, "xp": 45, "fieldgoals": 111, "year": 2017}, {"touchdowns": 312, "safety": 6, "xp": 46, "fieldgoals": 81, "year": 2016}, {"touchdowns": 330, "safety": 2, "xp": 50, "fieldgoals": 99, "year": 2015}, {"touchdowns": 306, "safety": 0, "xp": 46, "fieldgoals": 108, "year": 2014}, {"touchdowns": 306, "safety": 0, "xp": 41, "fieldgoals": 114, "year": 2013}, {"touchdowns": 354, "safety": 2, "xp": 53, "fieldgoals": 84, "year": 2012}, {"touchdowns": 366, "safety": 0, "xp": 56, "fieldgoals": 84, "year": 2011}, {"touchdowns": 348, "safety": 0, "xp": 52, "fieldgoals": 63, "year": 2010}]