[{"touchdowns": 312, "year": 2017, "fieldgoals": 111, "safety": 2, "team": "NE", "xp": 45}, {"touchdowns": 312, "year": 2016, "fieldgoals": 81, "safety": 6, "team": "NE", "xp": 46}, {"touchdowns": 330, "year": 2015, "fieldgoals": 99, "safety": 2, "team": "NE", "xp": 50}, {"touchdowns": 306, "year": 2014, "fieldgoals": 108, "safety": 0, "team": "NE", "xp": 46}, {"touchdowns": 306, "year": 2013, "fieldgoals": 114, "safety": 0, "team": "NE", "xp": 41}, {"touchdowns": 354, "year": 2012, "fieldgoals": 84, "safety": 2, "team": "NE", "xp": 53}, {"touchdowns": 366, "year": 2011, "fieldgoals": 84, "safety": 0, "team": "NE", "xp": 56}, {"touchdowns": 348, "year": 2010, "fieldgoals": 63, "safety": 0, "team": "NE", "xp": 52}]